时间戳,本地时间,ADC值,电压(V),ESP32运行时间(ms)
141709,1970/1/1 08:02:21,354,0.285,141709
160126,1970/1/1 08:02:40,354,0.285,160126
163174,1970/1/1 08:02:43,354,0.285,163174
163191,1970/1/1 08:02:43,4095,3.300,163191
163210,1970/1/1 08:02:43,4095,3.300,163210
163230,1970/1/1 08:02:43,4095,3.300,163230
163251,1970/1/1 08:02:43,4095,3.300,163251
163271,1970/1/1 08:02:43,4095,3.300,163271
163291,1970/1/1 08:02:43,4095,3.300,163291
163311,1970/1/1 08:02:43,4095,3.300,163311
163331,1970/1/1 08:02:43,4095,3.300,163331
163351,1970/1/1 08:02:43,4095,3.300,163351
163371,1970/1/1 08:02:43,3794,3.057,163371
163391,1970/1/1 08:02:43,3729,3.005,163391
163411,1970/1/1 08:02:43,3563,2.871,163411
163431,1970/1/1 08:02:43,3234,2.606,163431
163451,1970/1/1 08:02:43,3309,2.667,163451
163471,1970/1/1 08:02:43,3196,2.576,163471
163491,1970/1/1 08:02:43,3087,2.488,163491
163511,1970/1/1 08:02:43,2985,2.405,163511
163531,1970/1/1 08:02:43,2895,2.333,163531
163552,1970/1/1 08:02:43,2786,2.245,163552
163571,1970/1/1 08:02:43,2692,2.169,163571
163591,1970/1/1 08:02:43,2637,2.125,163591
163611,1970/1/1 08:02:43,2566,2.068,163611
163631,1970/1/1 08:02:43,3725,3.002,163631
163652,1970/1/1 08:02:43,2423,1.953,163652
163673,1970/1/1 08:02:43,4095,3.300,163673
163693,1970/1/1 08:02:43,4095,3.300,163693
163713,1970/1/1 08:02:43,4095,3.300,163713
163733,1970/1/1 08:02:43,4095,3.300,163733
163753,1970/1/1 08:02:43,4095,3.300,163753
163774,1970/1/1 08:02:43,4095,3.300,163774
163794,1970/1/1 08:02:43,4095,3.300,163794
163813,1970/1/1 08:02:43,4095,3.300,163813
163833,1970/1/1 08:02:43,4095,3.300,163833
163853,1970/1/1 08:02:43,4095,3.300,163853
163873,1970/1/1 08:02:43,4095,3.300,163873
163893,1970/1/1 08:02:43,4095,3.300,163893
163914,1970/1/1 08:02:43,3856,3.107,163914
163934,1970/1/1 08:02:43,3538,2.851,163934
163954,1970/1/1 08:02:43,3056,2.463,163954
163975,1970/1/1 08:02:43,3284,2.646,163975
163994,1970/1/1 08:02:43,3176,2.559,163994
164014,1970/1/1 08:02:44,3066,2.471,164014
164035,1970/1/1 08:02:44,2976,2.398,164035
164054,1970/1/1 08:02:44,2883,2.323,164054
164074,1970/1/1 08:02:44,2801,2.257,164074
164094,1970/1/1 08:02:44,2718,2.190,164094
164114,1970/1/1 08:02:44,2583,2.082,164114
164134,1970/1/1 08:02:44,2565,2.067,164134
164154,1970/1/1 08:02:44,2493,2.009,164154
164174,1970/1/1 08:02:44,2428,1.957,164174
164194,1970/1/1 08:02:44,3280,2.643,164194
164214,1970/1/1 08:02:44,3775,3.042,164214
164234,1970/1/1 08:02:44,3922,3.161,164234
164254,1970/1/1 08:02:44,4006,3.228,164254
164275,1970/1/1 08:02:44,4095,3.300,164275
164295,1970/1/1 08:02:44,4095,3.300,164295
164314,1970/1/1 08:02:44,4095,3.300,164314
164335,1970/1/1 08:02:44,4095,3.300,164335
164355,1970/1/1 08:02:44,4095,3.300,164355
164375,1970/1/1 08:02:44,4095,3.300,164375
164397,1970/1/1 08:02:44,4095,3.300,164397
164415,1970/1/1 08:02:44,4095,3.300,164415
164435,1970/1/1 08:02:44,4095,3.300,164435
164455,1970/1/1 08:02:44,4095,3.300,164455
164475,1970/1/1 08:02:44,4095,3.300,164475
164495,1970/1/1 08:02:44,4095,3.300,164495
164516,1970/1/1 08:02:44,4095,3.300,164516
164535,1970/1/1 08:02:44,4095,3.300,164535
164554,1970/1/1 08:02:44,4095,3.300,164554
164575,1970/1/1 08:02:44,3990,3.215,164575
164595,1970/1/1 08:02:44,3602,2.903,164595
164615,1970/1/1 08:02:44,3596,2.898,164615
164635,1970/1/1 08:02:44,3214,2.590,164635
164655,1970/1/1 08:02:44,3326,2.680,164655
164675,1970/1/1 08:02:44,3212,2.588,164675
164695,1970/1/1 08:02:44,3105,2.502,164695
164715,1970/1/1 08:02:44,2974,2.397,164715
164735,1970/1/1 08:02:44,2915,2.349,164735
164755,1970/1/1 08:02:44,2663,2.146,164755
164775,1970/1/1 08:02:44,2739,2.207,164775
164796,1970/1/1 08:02:44,2659,2.143,164796
164815,1970/1/1 08:02:44,2587,2.085,164815
164835,1970/1/1 08:02:44,2492,2.008,164835
164855,1970/1/1 08:02:44,2448,1.973,164855
164875,1970/1/1 08:02:44,3172,2.556,164875
164895,1970/1/1 08:02:44,3773,3.041,164895
164916,1970/1/1 08:02:44,3939,3.174,164916
164935,1970/1/1 08:02:44,4022,3.241,164935
164955,1970/1/1 08:02:44,4071,3.281,164955
164975,1970/1/1 08:02:44,4095,3.300,164975
164995,1970/1/1 08:02:44,4095,3.300,164995
165015,1970/1/1 08:02:45,4095,3.300,165015
165035,1970/1/1 08:02:45,4095,3.300,165035
165055,1970/1/1 08:02:45,4095,3.300,165055
165075,1970/1/1 08:02:45,4095,3.300,165075
165095,1970/1/1 08:02:45,4095,3.300,165095
165115,1970/1/1 08:02:45,4095,3.300,165115
165135,1970/1/1 08:02:45,4095,3.300,165135
165155,1970/1/1 08:02:45,4095,3.300,165155
165175,1970/1/1 08:02:45,4095,3.300,165175
165196,1970/1/1 08:02:45,4095,3.300,165196
165215,1970/1/1 08:02:45,4095,3.300,165215
165236,1970/1/1 08:02:45,4095,3.300,165236
165255,1970/1/1 08:02:45,4095,3.300,165255
165275,1970/1/1 08:02:45,4095,3.300,165275
165295,1970/1/1 08:02:45,4095,3.300,165295
165315,1970/1/1 08:02:45,4095,3.300,165315
165335,1970/1/1 08:02:45,4020,3.240,165335
165357,1970/1/1 08:02:45,3735,3.010,165357
165375,1970/1/1 08:02:45,3583,2.887,165375
165395,1970/1/1 08:02:45,3496,2.817,165395
165415,1970/1/1 08:02:45,3349,2.699,165415
165435,1970/1/1 08:02:45,3253,2.621,165435
165455,1970/1/1 08:02:45,3146,2.535,165455
165475,1970/1/1 08:02:45,3045,2.454,165475
165495,1970/1/1 08:02:45,2951,2.378,165495
165515,1970/1/1 08:02:45,2862,2.306,165515
165535,1970/1/1 08:02:45,2718,2.190,165535
165555,1970/1/1 08:02:45,2696,2.173,165555
165575,1970/1/1 08:02:45,2620,2.111,165575
165595,1970/1/1 08:02:45,2545,2.051,165595
165615,1970/1/1 08:02:45,2477,1.996,165615
165635,1970/1/1 08:02:45,3439,2.771,165635
165655,1970/1/1 08:02:45,4015,3.236,165655
165675,1970/1/1 08:02:45,4006,3.228,165675
165695,1970/1/1 08:02:45,4085,3.292,165695
165716,1970/1/1 08:02:45,4095,3.300,165716
165735,1970/1/1 08:02:45,4095,3.300,165735
165755,1970/1/1 08:02:45,4095,3.300,165755
165775,1970/1/1 08:02:45,4095,3.300,165775
165795,1970/1/1 08:02:45,4095,3.300,165795
165815,1970/1/1 08:02:45,4095,3.300,165815
165835,1970/1/1 08:02:45,4095,3.300,165835
165855,1970/1/1 08:02:45,4095,3.300,165855
165875,1970/1/1 08:02:45,4095,3.300,165875
165895,1970/1/1 08:02:45,4095,3.300,165895
165915,1970/1/1 08:02:45,4095,3.300,165915
165935,1970/1/1 08:02:45,4095,3.300,165935
165955,1970/1/1 08:02:45,4095,3.300,165955
165975,1970/1/1 08:02:45,4095,3.300,165975
165996,1970/1/1 08:02:45,4095,3.300,165996
166015,1970/1/1 08:02:46,4095,3.300,166015
166035,1970/1/1 08:02:46,4095,3.300,166035
166055,1970/1/1 08:02:46,4095,3.300,166055
166075,1970/1/1 08:02:46,4095,3.300,166075
166095,1970/1/1 08:02:46,3970,3.199,166095
166115,1970/1/1 08:02:46,3766,3.035,166115
166135,1970/1/1 08:02:46,3583,2.887,166135
166155,1970/1/1 08:02:46,3472,2.798,166155
166175,1970/1/1 08:02:46,3347,2.697,166175
166195,1970/1/1 08:02:46,3232,2.605,166195
166215,1970/1/1 08:02:46,3123,2.517,166215
166235,1970/1/1 08:02:46,3005,2.422,166235
166255,1970/1/1 08:02:46,2928,2.360,166255
166276,1970/1/1 08:02:46,2516,2.028,166276
166296,1970/1/1 08:02:46,2466,1.987,166296
166316,1970/1/1 08:02:46,3347,2.697,166316
166336,1970/1/1 08:02:46,3885,3.131,166336
166356,1970/1/1 08:02:46,4095,3.300,166356
166376,1970/1/1 08:02:46,4095,3.300,166376
166396,1970/1/1 08:02:46,4095,3.300,166396
166416,1970/1/1 08:02:46,4095,3.300,166416
166438,1970/1/1 08:02:46,4095,3.300,166438
166456,1970/1/1 08:02:46,4095,3.300,166456
166476,1970/1/1 08:02:46,4095,3.300,166476
166496,1970/1/1 08:02:46,4095,3.300,166496
166516,1970/1/1 08:02:46,4095,3.300,166516
166536,1970/1/1 08:02:46,4095,3.300,166536
166556,1970/1/1 08:02:46,4095,3.300,166556
166576,1970/1/1 08:02:46,4095,3.300,166576
166596,1970/1/1 08:02:46,4095,3.300,166596
166616,1970/1/1 08:02:46,4095,3.300,166616
166637,1970/1/1 08:02:46,4095,3.300,166637
166656,1970/1/1 08:02:46,4095,3.300,166656
166677,1970/1/1 08:02:46,4095,3.300,166677
166697,1970/1/1 08:02:46,4013,3.234,166697
166718,1970/1/1 08:02:46,3795,3.058,166718
166737,1970/1/1 08:02:46,3629,2.924,166737
166757,1970/1/1 08:02:46,3433,2.767,166757
166777,1970/1/1 08:02:46,3320,2.675,166777
166797,1970/1/1 08:02:46,3246,2.616,166797
166817,1970/1/1 08:02:46,3087,2.488,166817
166838,1970/1/1 08:02:46,2960,2.385,166838
166857,1970/1/1 08:02:46,2943,2.372,166857
166878,1970/1/1 08:02:46,2843,2.291,166878
166897,1970/1/1 08:02:46,2766,2.229,166897
166917,1970/1/1 08:02:46,2678,2.158,166917
166937,1970/1/1 08:02:46,2604,2.098,166937
166957,1970/1/1 08:02:46,3277,2.641,166957
166977,1970/1/1 08:02:46,2460,1.982,166977
166997,1970/1/1 08:02:46,3459,2.787,166997
167017,1970/1/1 08:02:47,3873,3.121,167017
167037,1970/1/1 08:02:47,4000,3.223,167037
167057,1970/1/1 08:02:47,4067,3.277,167057
167078,1970/1/1 08:02:47,4095,3.300,167078
167097,1970/1/1 08:02:47,4095,3.300,167097
167117,1970/1/1 08:02:47,4095,3.300,167117
167137,1970/1/1 08:02:47,4095,3.300,167137
167157,1970/1/1 08:02:47,4095,3.300,167157
167177,1970/1/1 08:02:47,4095,3.300,167177
167197,1970/1/1 08:02:47,4095,3.300,167197
167217,1970/1/1 08:02:47,4095,3.300,167217
167238,1970/1/1 08:02:47,4095,3.300,167238
167257,1970/1/1 08:02:47,4095,3.300,167257
167277,1970/1/1 08:02:47,4095,3.300,167277
167297,1970/1/1 08:02:47,4095,3.300,167297
167317,1970/1/1 08:02:47,4095,3.300,167317
167337,1970/1/1 08:02:47,4095,3.300,167337
167357,1970/1/1 08:02:47,4095,3.300,167357
167377,1970/1/1 08:02:47,4095,3.300,167377
167397,1970/1/1 08:02:47,4095,3.300,167397
167417,1970/1/1 08:02:47,4095,3.300,167417
167437,1970/1/1 08:02:47,4095,3.300,167437
167457,1970/1/1 08:02:47,3868,3.117,167457
167477,1970/1/1 08:02:47,3754,3.025,167477
167497,1970/1/1 08:02:47,3600,2.901,167497
167517,1970/1/1 08:02:47,3461,2.789,167517
167537,1970/1/1 08:02:47,3295,2.655,167537
167558,1970/1/1 08:02:47,3223,2.597,167558
167577,1970/1/1 08:02:47,3121,2.515,167577
167597,1970/1/1 08:02:47,3019,2.433,167597
167617,1970/1/1 08:02:47,2925,2.357,167617
167637,1970/1/1 08:02:47,2837,2.286,167637
167657,1970/1/1 08:02:47,2754,2.219,167657
167677,1970/1/1 08:02:47,2676,2.156,167677
167697,1970/1/1 08:02:47,2601,2.096,167697
167718,1970/1/1 08:02:47,2525,2.035,167718
167737,1970/1/1 08:02:47,2459,1.982,167737
167757,1970/1/1 08:02:47,3678,2.964,167757
167778,1970/1/1 08:02:47,3941,3.176,167778
167798,1970/1/1 08:02:47,4051,3.265,167798
167817,1970/1/1 08:02:47,4095,3.300,167817
167837,1970/1/1 08:02:47,4095,3.300,167837
167857,1970/1/1 08:02:47,4095,3.300,167857
167877,1970/1/1 08:02:47,4095,3.300,167877
167897,1970/1/1 08:02:47,4095,3.300,167897
167917,1970/1/1 08:02:47,4095,3.300,167917
167937,1970/1/1 08:02:47,4095,3.300,167937
167957,1970/1/1 08:02:47,4095,3.300,167957
167977,1970/1/1 08:02:47,4095,3.300,167977
167997,1970/1/1 08:02:47,4095,3.300,167997
168017,1970/1/1 08:02:48,4095,3.300,168017
168038,1970/1/1 08:02:48,4095,3.300,168038
168057,1970/1/1 08:02:48,4095,3.300,168057
168077,1970/1/1 08:02:48,4095,3.300,168077
168097,1970/1/1 08:02:48,4095,3.300,168097
168118,1970/1/1 08:02:48,4095,3.300,168118
168137,1970/1/1 08:02:48,4095,3.300,168137
168158,1970/1/1 08:02:48,4095,3.300,168158
168177,1970/1/1 08:02:48,4095,3.300,168177
168198,1970/1/1 08:02:48,4095,3.300,168198
168217,1970/1/1 08:02:48,3929,3.166,168217
168237,1970/1/1 08:02:48,3744,3.017,168237
168257,1970/1/1 08:02:48,3600,2.901,168257
168278,1970/1/1 08:02:48,3011,2.426,168278
168298,1970/1/1 08:02:48,2944,2.372,168298
168318,1970/1/1 08:02:48,2853,2.299,168318
168338,1970/1/1 08:02:48,2767,2.230,168338
168358,1970/1/1 08:02:48,2556,2.060,168358
168378,1970/1/1 08:02:48,2580,2.079,168378
168398,1970/1/1 08:02:48,3975,3.203,168398
168419,1970/1/1 08:02:48,4095,3.300,168419
168440,1970/1/1 08:02:48,4095,3.300,168440
168459,1970/1/1 08:02:48,4095,3.300,168459
168480,1970/1/1 08:02:48,4095,3.300,168480
168499,1970/1/1 08:02:48,4095,3.300,168499
168520,1970/1/1 08:02:48,4095,3.300,168520
168539,1970/1/1 08:02:48,4095,3.300,168539
168559,1970/1/1 08:02:48,4095,3.300,168559
168579,1970/1/1 08:02:48,4095,3.300,168579
168599,1970/1/1 08:02:48,4095,3.300,168599
168619,1970/1/1 08:02:48,4095,3.300,168619
168639,1970/1/1 08:02:48,4095,3.300,168639
168659,1970/1/1 08:02:48,4095,3.300,168659
168679,1970/1/1 08:02:48,4095,3.300,168679
168699,1970/1/1 08:02:48,4095,3.300,168699
168719,1970/1/1 08:02:48,4095,3.300,168719
168739,1970/1/1 08:02:48,4095,3.300,168739
168760,1970/1/1 08:02:48,4095,3.300,168760
168779,1970/1/1 08:02:48,4095,3.300,168779
168798,1970/1/1 08:02:48,4095,3.300,168798
168819,1970/1/1 08:02:48,3934,3.170,168819
168839,1970/1/1 08:02:48,3744,3.017,168839
168859,1970/1/1 08:02:48,3590,2.893,168859
168879,1970/1/1 08:02:48,3455,2.784,168879
168900,1970/1/1 08:02:48,3279,2.642,168900
168920,1970/1/1 08:02:48,3222,2.596,168920
168939,1970/1/1 08:02:48,3119,2.513,168939
168959,1970/1/1 08:02:48,3018,2.432,168959
168979,1970/1/1 08:02:48,2924,2.356,168979
168999,1970/1/1 08:02:48,2837,2.286,168999
169019,1970/1/1 08:02:49,2753,2.219,169019
169039,1970/1/1 08:02:49,2644,2.131,169039
169059,1970/1/1 08:02:49,2591,2.088,169059
169080,1970/1/1 08:02:49,2515,2.027,169080
169099,1970/1/1 08:02:49,2447,1.972,169099
169120,1970/1/1 08:02:49,3764,3.033,169120
169139,1970/1/1 08:02:49,3972,3.201,169139
169159,1970/1/1 08:02:49,4065,3.276,169159
169179,1970/1/1 08:02:49,4095,3.300,169179
169200,1970/1/1 08:02:49,4095,3.300,169200
169219,1970/1/1 08:02:49,4095,3.300,169219
169239,1970/1/1 08:02:49,4095,3.300,169239
169259,1970/1/1 08:02:49,4095,3.300,169259
169280,1970/1/1 08:02:49,4095,3.300,169280
169299,1970/1/1 08:02:49,4095,3.300,169299
169319,1970/1/1 08:02:49,4095,3.300,169319
169339,1970/1/1 08:02:49,4095,3.300,169339
169360,1970/1/1 08:02:49,4095,3.300,169360
169379,1970/1/1 08:02:49,4095,3.300,169379
169399,1970/1/1 08:02:49,4095,3.300,169399
169419,1970/1/1 08:02:49,4095,3.300,169419
169439,1970/1/1 08:02:49,4095,3.300,169439
169459,1970/1/1 08:02:49,4095,3.300,169459
169480,1970/1/1 08:02:49,4095,3.300,169480
169499,1970/1/1 08:02:49,4095,3.300,169499
169519,1970/1/1 08:02:49,4095,3.300,169519
169539,1970/1/1 08:02:49,4095,3.300,169539
169560,1970/1/1 08:02:49,3951,3.184,169560
169579,1970/1/1 08:02:49,3850,3.103,169579
169599,1970/1/1 08:02:49,3680,2.966,169599
169619,1970/1/1 08:02:49,3529,2.844,169619
169640,1970/1/1 08:02:49,3395,2.736,169640
169659,1970/1/1 08:02:49,3280,2.643,169659
169679,1970/1/1 08:02:49,3155,2.542,169679
169699,1970/1/1 08:02:49,3035,2.446,169699
169719,1970/1/1 08:02:49,2967,2.391,169719
169739,1970/1/1 08:02:49,2881,2.322,169739
169759,1970/1/1 08:02:49,2796,2.253,169759
169779,1970/1/1 08:02:49,2709,2.183,169779
169799,1970/1/1 08:02:49,2629,2.119,169799
169819,1970/1/1 08:02:49,2551,2.056,169819
169839,1970/1/1 08:02:49,2484,2.002,169839
169859,1970/1/1 08:02:49,3312,2.669,169859
169879,1970/1/1 08:02:49,3866,3.115,169879
169899,1970/1/1 08:02:49,4013,3.234,169899
169920,1970/1/1 08:02:49,4091,3.297,169920
169939,1970/1/1 08:02:49,4095,3.300,169939
169959,1970/1/1 08:02:49,4095,3.300,169959
169980,1970/1/1 08:02:49,4095,3.300,169980
170000,1970/1/1 08:02:50,4095,3.300,170000
170019,1970/1/1 08:02:50,4095,3.300,170019
170039,1970/1/1 08:02:50,4095,3.300,170039
170059,1970/1/1 08:02:50,4095,3.300,170059
170080,1970/1/1 08:02:50,4095,3.300,170080
170099,1970/1/1 08:02:50,4095,3.300,170099
170121,1970/1/1 08:02:50,4095,3.300,170121
170139,1970/1/1 08:02:50,4095,3.300,170139
170159,1970/1/1 08:02:50,4095,3.300,170159
170179,1970/1/1 08:02:50,4095,3.300,170179
170199,1970/1/1 08:02:50,4095,3.300,170199
170219,1970/1/1 08:02:50,4095,3.300,170219
170239,1970/1/1 08:02:50,4095,3.300,170239
170259,1970/1/1 08:02:50,4095,3.300,170259
170282,1970/1/1 08:02:50,2861,2.306,170282
170301,1970/1/1 08:02:50,3065,2.470,170301
170321,1970/1/1 08:02:50,2975,2.397,170321
170341,1970/1/1 08:02:50,2880,2.321,170341
170361,1970/1/1 08:02:50,2795,2.252,170361
170381,1970/1/1 08:02:50,2713,2.186,170381
170401,1970/1/1 08:02:50,2632,2.121,170401
170421,1970/1/1 08:02:50,2528,2.037,170421
170440,1970/1/1 08:02:50,2544,2.050,170440
170461,1970/1/1 08:02:50,3215,2.591,170461
170482,1970/1/1 08:02:50,3912,3.153,170482
170502,1970/1/1 08:02:50,3993,3.218,170502
170522,1970/1/1 08:02:50,4095,3.300,170522
170541,1970/1/1 08:02:50,4095,3.300,170541
170561,1970/1/1 08:02:50,4095,3.300,170561
170581,1970/1/1 08:02:50,4095,3.300,170581
170601,1970/1/1 08:02:50,4095,3.300,170601
170621,1970/1/1 08:02:50,4095,3.300,170621
170641,1970/1/1 08:02:50,4095,3.300,170641
170661,1970/1/1 08:02:50,4095,3.300,170661
170680,1970/1/1 08:02:50,4095,3.300,170680
170701,1970/1/1 08:02:50,4095,3.300,170701
170721,1970/1/1 08:02:50,4095,3.300,170721
170741,1970/1/1 08:02:50,4095,3.300,170741
170761,1970/1/1 08:02:50,4095,3.300,170761
170781,1970/1/1 08:02:50,4095,3.300,170781
170801,1970/1/1 08:02:50,4095,3.300,170801
170821,1970/1/1 08:02:50,4095,3.300,170821
170841,1970/1/1 08:02:50,4095,3.300,170841
170861,1970/1/1 08:02:50,4095,3.300,170861
170881,1970/1/1 08:02:50,3762,3.032,170881
170902,1970/1/1 08:02:50,3468,2.795,170902
170923,1970/1/1 08:02:50,3388,2.730,170922
170942,1970/1/1 08:02:50,3272,2.637,170942
170962,1970/1/1 08:02:50,3157,2.544,170962
170982,1970/1/1 08:02:50,3052,2.459,170982
171002,1970/1/1 08:02:51,2842,2.290,171002
171022,1970/1/1 08:02:51,2869,2.312,171022
171042,1970/1/1 08:02:51,2784,2.244,171042
171063,1970/1/1 08:02:51,2703,2.178,171063
171082,1970/1/1 08:02:51,2624,2.115,171082
171102,1970/1/1 08:02:51,2545,2.051,171102
171123,1970/1/1 08:02:51,2479,1.998,171123
171142,1970/1/1 08:02:51,3492,2.814,171142
171162,1970/1/1 08:02:51,3899,3.142,171162
171182,1970/1/1 08:02:51,4048,3.262,171182
171202,1970/1/1 08:02:51,4086,3.293,171202
171222,1970/1/1 08:02:51,4095,3.300,171222
171242,1970/1/1 08:02:51,4095,3.300,171242
171262,1970/1/1 08:02:51,4095,3.300,171262
171283,1970/1/1 08:02:51,4095,3.300,171283
171302,1970/1/1 08:02:51,4095,3.300,171302
171322,1970/1/1 08:02:51,4095,3.300,171322
171342,1970/1/1 08:02:51,4095,3.300,171342
171362,1970/1/1 08:02:51,4095,3.300,171362
171382,1970/1/1 08:02:51,4095,3.300,171382
171402,1970/1/1 08:02:51,4095,3.300,171402
171422,1970/1/1 08:02:51,4095,3.300,171422
171441,1970/1/1 08:02:51,4095,3.300,171441
171462,1970/1/1 08:02:51,4095,3.300,171462
171483,1970/1/1 08:02:51,4095,3.300,171483
171502,1970/1/1 08:02:51,4095,3.300,171502
171522,1970/1/1 08:02:51,4095,3.300,171522
171542,1970/1/1 08:02:51,4095,3.300,171542
171562,1970/1/1 08:02:51,4095,3.300,171562
171582,1970/1/1 08:02:51,4095,3.300,171582
171603,1970/1/1 08:02:51,3710,2.990,171603
171622,1970/1/1 08:02:51,3737,3.012,171622
171642,1970/1/1 08:02:51,3579,2.884,171642
171662,1970/1/1 08:02:51,3444,2.775,171662
171682,1970/1/1 08:02:51,3321,2.676,171682
171702,1970/1/1 08:02:51,3175,2.559,171702
171722,1970/1/1 08:02:51,3108,2.505,171722
171742,1970/1/1 08:02:51,3006,2.422,171742
171762,1970/1/1 08:02:51,2914,2.348,171762
171782,1970/1/1 08:02:51,2824,2.276,171782
171802,1970/1/1 08:02:51,2667,2.149,171802
171822,1970/1/1 08:02:51,2660,2.144,171822
171843,1970/1/1 08:02:51,2582,2.081,171843
171862,1970/1/1 08:02:51,2499,2.014,171862
171882,1970/1/1 08:02:51,3046,2.455,171882
171902,1970/1/1 08:02:51,3744,3.017,171902
171922,1970/1/1 08:02:51,3955,3.187,171922
171942,1970/1/1 08:02:51,4049,3.263,171942
171963,1970/1/1 08:02:51,4095,3.300,171963
171983,1970/1/1 08:02:51,4095,3.300,171983
172003,1970/1/1 08:02:52,4095,3.300,172003
172024,1970/1/1 08:02:52,4095,3.300,172024
172044,1970/1/1 08:02:52,4095,3.300,172044
172064,1970/1/1 08:02:52,4095,3.300,172064
172085,1970/1/1 08:02:52,4095,3.300,172085
172104,1970/1/1 08:02:52,4095,3.300,172104
172124,1970/1/1 08:02:52,4095,3.300,172124
172144,1970/1/1 08:02:52,4095,3.300,172144
172165,1970/1/1 08:02:52,4095,3.300,172165
172184,1970/1/1 08:02:52,4095,3.300,172184
172204,1970/1/1 08:02:52,3906,3.148,172204
172224,1970/1/1 08:02:52,3715,2.994,172224
172244,1970/1/1 08:02:52,3565,2.873,172244
172265,1970/1/1 08:02:52,3436,2.769,172265
172286,1970/1/1 08:02:52,2557,2.061,172286
172306,1970/1/1 08:02:52,2485,2.003,172306
172326,1970/1/1 08:02:52,2461,1.983,172326
172346,1970/1/1 08:02:52,3551,2.862,172346
172366,1970/1/1 08:02:52,3893,3.137,172366
172386,1970/1/1 08:02:52,4016,3.236,172386
172406,1970/1/1 08:02:52,4082,3.290,172406
172426,1970/1/1 08:02:52,4095,3.300,172426
172446,1970/1/1 08:02:52,4095,3.300,172446
172466,1970/1/1 08:02:52,4095,3.300,172466
172486,1970/1/1 08:02:52,4095,3.300,172486
172506,1970/1/1 08:02:52,4095,3.300,172506
172527,1970/1/1 08:02:52,4095,3.300,172527
172547,1970/1/1 08:02:52,4095,3.300,172547
172567,1970/1/1 08:02:52,4095,3.300,172567
172587,1970/1/1 08:02:52,4095,3.300,172587
172607,1970/1/1 08:02:52,4095,3.300,172607
172627,1970/1/1 08:02:52,4095,3.300,172627
172647,1970/1/1 08:02:52,4095,3.300,172647
172667,1970/1/1 08:02:52,4095,3.300,172667
172687,1970/1/1 08:02:52,4095,3.300,172687
172708,1970/1/1 08:02:52,3854,3.106,172708
172727,1970/1/1 08:02:52,3938,3.173,172727
172747,1970/1/1 08:02:52,3737,3.012,172747
172767,1970/1/1 08:02:52,3575,2.881,172767
172787,1970/1/1 08:02:52,3394,2.735,172787
172807,1970/1/1 08:02:52,3324,2.679,172807
172827,1970/1/1 08:02:52,3211,2.588,172827
172847,1970/1/1 08:02:52,3070,2.474,172847
172868,1970/1/1 08:02:52,2960,2.385,172868
172888,1970/1/1 08:02:52,2779,2.239,172888
172908,1970/1/1 08:02:52,2618,2.110,172908
172928,1970/1/1 08:02:52,2737,2.206,172928
172947,1970/1/1 08:02:52,2659,2.143,172947
172967,1970/1/1 08:02:52,2583,2.082,172967
172987,1970/1/1 08:02:52,2507,2.020,172987
173007,1970/1/1 08:02:53,2440,1.966,173007
173027,1970/1/1 08:02:53,3750,3.022,173027
173047,1970/1/1 08:02:53,3960,3.191,173047
173067,1970/1/1 08:02:53,4054,3.267,173067
173087,1970/1/1 08:02:53,4095,3.300,173087
173107,1970/1/1 08:02:53,4095,3.300,173107
173127,1970/1/1 08:02:53,4095,3.300,173127
173147,1970/1/1 08:02:53,4095,3.300,173147
173167,1970/1/1 08:02:53,4095,3.300,173167
173188,1970/1/1 08:02:53,4095,3.300,173188
173208,1970/1/1 08:02:53,4095,3.300,173208
173228,1970/1/1 08:02:53,4095,3.300,173228
173248,1970/1/1 08:02:53,4095,3.300,173248
173268,1970/1/1 08:02:53,4095,3.300,173268
173289,1970/1/1 08:02:53,4095,3.300,173289
173308,1970/1/1 08:02:53,4095,3.300,173308
173328,1970/1/1 08:02:53,4078,3.286,173328
173349,1970/1/1 08:02:53,3673,2.960,173349
173369,1970/1/1 08:02:53,3577,2.883,173369
173389,1970/1/1 08:02:53,3440,2.772,173389
173409,1970/1/1 08:02:53,3327,2.681,173409
173430,1970/1/1 08:02:53,3209,2.586,173430
173450,1970/1/1 08:02:53,2860,2.305,173450
173469,1970/1/1 08:02:53,3005,2.422,173469
173490,1970/1/1 08:02:53,2910,2.345,173490
173509,1970/1/1 08:02:53,2802,2.258,173509
173529,1970/1/1 08:02:53,2741,2.209,173529
173549,1970/1/1 08:02:53,2613,2.106,173549
173569,1970/1/1 08:02:53,2591,2.088,173569
173589,1970/1/1 08:02:53,2492,2.008,173589
173610,1970/1/1 08:02:53,2448,1.973,173610
173629,1970/1/1 08:02:53,3797,3.060,173629
173649,1970/1/1 08:02:53,3989,3.215,173649
173669,1970/1/1 08:02:53,4080,3.288,173669
173690,1970/1/1 08:02:53,4095,3.300,173690
173709,1970/1/1 08:02:53,4095,3.300,173709
173728,1970/1/1 08:02:53,4095,3.300,173728
173749,1970/1/1 08:02:53,4095,3.300,173749
173770,1970/1/1 08:02:53,4095,3.300,173769
173789,1970/1/1 08:02:53,4095,3.300,173789
173809,1970/1/1 08:02:53,4095,3.300,173809
173829,1970/1/1 08:02:53,4095,3.300,173829
173849,1970/1/1 08:02:53,4095,3.300,173849
173869,1970/1/1 08:02:53,4095,3.300,173869
173889,1970/1/1 08:02:53,4095,3.300,173889
173909,1970/1/1 08:02:53,4095,3.300,173909
173930,1970/1/1 08:02:53,4095,3.300,173930
173949,1970/1/1 08:02:53,4095,3.300,173949
173970,1970/1/1 08:02:53,4095,3.300,173970
173989,1970/1/1 08:02:53,4095,3.300,173989
174010,1970/1/1 08:02:54,4095,3.300,174010
174029,1970/1/1 08:02:54,4095,3.300,174029
174050,1970/1/1 08:02:54,4095,3.300,174050
174069,1970/1/1 08:02:54,4055,3.268,174069
174089,1970/1/1 08:02:54,3825,3.082,174089
174109,1970/1/1 08:02:54,3659,2.949,174109
174128,1970/1/1 08:02:54,3574,2.880,174128
174149,1970/1/1 08:02:54,3385,2.728,174149
174169,1970/1/1 08:02:54,3268,2.634,174169
174189,1970/1/1 08:02:54,3162,2.548,174189
174209,1970/1/1 08:02:54,3045,2.454,174209
174229,1970/1/1 08:02:54,2962,2.387,174229
174249,1970/1/1 08:02:54,2873,2.315,174249
174269,1970/1/1 08:02:54,2789,2.248,174269
174290,1970/1/1 08:02:54,3600,2.901,174290
174310,1970/1/1 08:02:54,3904,3.146,174310
174330,1970/1/1 08:02:54,4052,3.265,174330
174350,1970/1/1 08:02:54,4095,3.300,174350
174371,1970/1/1 08:02:54,4095,3.300,174371
174390,1970/1/1 08:02:54,4095,3.300,174390
174411,1970/1/1 08:02:54,4095,3.300,174411
174430,1970/1/1 08:02:54,4095,3.300,174430
174451,1970/1/1 08:02:54,4095,3.300,174451
174470,1970/1/1 08:02:54,4095,3.300,174470
174490,1970/1/1 08:02:54,4095,3.300,174490
174510,1970/1/1 08:02:54,4095,3.300,174510
174530,1970/1/1 08:02:54,4095,3.300,174530
174550,1970/1/1 08:02:54,4095,3.300,174550
174570,1970/1/1 08:02:54,4095,3.300,174570
174590,1970/1/1 08:02:54,4095,3.300,174590
174610,1970/1/1 08:02:54,4095,3.300,174610
174630,1970/1/1 08:02:54,4095,3.300,174630
174650,1970/1/1 08:02:54,4095,3.300,174650
174670,1970/1/1 08:02:54,4095,3.300,174670
174690,1970/1/1 08:02:54,4095,3.300,174690
174710,1970/1/1 08:02:54,4095,3.300,174710
174730,1970/1/1 08:02:54,4095,3.300,174730
174751,1970/1/1 08:02:54,4063,3.274,174751
174770,1970/1/1 08:02:54,3855,3.107,174770
174790,1970/1/1 08:02:54,3692,2.975,174790
174810,1970/1/1 08:02:54,3548,2.859,174810
174830,1970/1/1 08:02:54,3422,2.758,174830
174850,1970/1/1 08:02:54,3256,2.624,174850
174870,1970/1/1 08:02:54,3190,2.571,174870
174890,1970/1/1 08:02:54,3087,2.488,174890
174910,1970/1/1 08:02:54,2992,2.411,174910
174930,1970/1/1 08:02:54,2894,2.332,174930
174950,1970/1/1 08:02:54,2811,2.265,174950
174970,1970/1/1 08:02:54,2728,2.198,174970
174990,1970/1/1 08:02:54,2652,2.137,174990
175010,1970/1/1 08:02:55,2581,2.080,175010
175030,1970/1/1 08:02:55,3733,3.008,175030
175050,1970/1/1 08:02:55,3977,3.205,175050
175070,1970/1/1 08:02:55,4095,3.300,175070
175090,1970/1/1 08:02:55,4095,3.300,175090
175110,1970/1/1 08:02:55,4095,3.300,175110
175130,1970/1/1 08:02:55,4095,3.300,175130
175150,1970/1/1 08:02:55,4095,3.300,175150
175170,1970/1/1 08:02:55,4095,3.300,175170
175190,1970/1/1 08:02:55,4095,3.300,175190
175210,1970/1/1 08:02:55,4095,3.300,175210
175231,1970/1/1 08:02:55,4095,3.300,175231
175251,1970/1/1 08:02:55,4095,3.300,175251
175271,1970/1/1 08:02:55,4095,3.300,175271
175290,1970/1/1 08:02:55,4095,3.300,175290
175310,1970/1/1 08:02:55,4095,3.300,175310
175330,1970/1/1 08:02:55,4095,3.300,175330
175350,1970/1/1 08:02:55,4095,3.300,175350
175370,1970/1/1 08:02:55,4095,3.300,175370
175391,1970/1/1 08:02:55,4095,3.300,175391
175410,1970/1/1 08:02:55,4095,3.300,175410
175430,1970/1/1 08:02:55,4095,3.300,175430
175450,1970/1/1 08:02:55,4095,3.300,175450
175470,1970/1/1 08:02:55,4095,3.300,175470
175490,1970/1/1 08:02:55,4095,3.300,175490
175510,1970/1/1 08:02:55,3440,2.772,175510
175531,1970/1/1 08:02:55,3197,2.576,175531
175552,1970/1/1 08:02:55,3087,2.488,175552
175571,1970/1/1 08:02:55,2984,2.405,175571
175591,1970/1/1 08:02:55,2888,2.327,175591
175611,1970/1/1 08:02:55,2792,2.250,175611
175632,1970/1/1 08:02:55,2664,2.147,175632
175652,1970/1/1 08:02:55,2619,2.111,175652
175671,1970/1/1 08:02:55,2450,1.974,175671
175691,1970/1/1 08:02:55,2440,1.966,175691
175711,1970/1/1 08:02:55,3046,2.455,175711
175731,1970/1/1 08:02:55,3676,2.962,175731
175751,1970/1/1 08:02:55,3846,3.099,175751
175771,1970/1/1 08:02:55,3937,3.173,175771
175791,1970/1/1 08:02:55,3995,3.219,175791
175811,1970/1/1 08:02:55,4045,3.260,175811
175831,1970/1/1 08:02:55,4056,3.269,175831
175851,1970/1/1 08:02:55,4075,3.284,175851
175872,1970/1/1 08:02:55,4095,3.300,175872
175892,1970/1/1 08:02:55,4095,3.300,175892
175912,1970/1/1 08:02:55,4095,3.300,175912
175933,1970/1/1 08:02:55,4095,3.300,175933
175953,1970/1/1 08:02:55,4095,3.300,175953
175972,1970/1/1 08:02:55,4095,3.300,175972
175992,1970/1/1 08:02:55,4095,3.300,175992
176012,1970/1/1 08:02:56,4095,3.300,176012
176032,1970/1/1 08:02:56,4095,3.300,176032
176052,1970/1/1 08:02:56,4095,3.300,176052
176072,1970/1/1 08:02:56,4095,3.300,176072
176093,1970/1/1 08:02:56,3907,3.148,176093
176112,1970/1/1 08:02:56,3697,2.979,176112
176132,1970/1/1 08:02:56,3485,2.808,176132
176153,1970/1/1 08:02:56,3398,2.738,176153
176157,1970/1/1 08:02:56,3398,2.738,176157
